{
  "version": 1,
  "author": "John Wesley Israel",
  "editor": "wokwi",
  "parts": [
    {
      "type": "board-esp32-devkit-c-v4",
      "id": "esp",
      "top": 48,
      "left": 148.84,
      "attrs": { "env": "micropython-20231227-v1.22.0" }
    },
    {
      "type": "wokwi-dht22",
      "id": "dht1",
      "top": 29.1,
      "left": 349.8,
      "attrs": { "humidity": "48.5", "temperature": "27.9" }
    },
    {
      "type": "wokwi-lcd1602",
      "id": "lcd1",
      "top": 64,
      "left": -234.4,
      "attrs": { "pins": "i2c" }
    },
    {
      "type": "wokwi-hx711",
      "id": "cell1",
      "top": -208.6,
      "left": -103,
      "attrs": { "type": "50kg" }
    },
    { "type": "wokwi-gas-sensor", "id": "gas1", "top": -179.7, "left": 227.8, "attrs": {} }
  ],
  "connections": [
    [ "esp:TX", "$serialMonitor:RX", "", [] ],
    [ "esp:RX", "$serialMonitor:TX", "", [] ],
    [ "dht1:SDA", "esp:15", "green", [ "v76.8", "h0.1" ] ],
    [ "dht1:GND", "esp:GND.3", "black", [ "v19.2", "h-115.2", "v-28.8", "h-9.6" ] ],
    [ "cell1:VCC", "esp:3V3", "red", [ "h-19.2", "v153.6", "h268.8", "v67.2" ] ],
    [ "cell1:DT", "esp:4", "green", [ "h-38.4", "v133.9", "h412.8", "v0", "h38.4", "v220.8" ] ],
    [
      "cell1:SCK",
      "esp:5",
      "blue",
      [ "h-57.6", "v143.2", "h422.4", "v0", "h19.2", "v182.4", "h-28.8", "v-9.6" ]
    ],
    [ "dht1:VCC", "esp:3V3", "cyan", [ "v153.6", "h-230.4", "v-220.8" ] ],
    [ "lcd1:SCL", "esp:22", "purple", [ "h-28.8", "v192.3", "h624", "v-230.4" ] ],
    [ "lcd1:SDA", "esp:21", "yellow", [ "h-57.6", "v230.6", "h614.4", "v-230.4" ] ],
    [ "lcd1:GND", "esp:GND.1", "black", [ "h-19.2", "v-57.6", "h393.6", "v153.6" ] ],
    [ "cell1:GND", "lcd1:GND", "orange", [ "h-163.2", "v-0.3" ] ],
    [ "esp:3V3", "esp:GND.2", "red", [ "h0" ] ],
    [ "lcd1:VCC", "esp:5V", "red", [ "h-19.2", "v144.1" ] ],
    [ "gas1:VCC", "esp:5V", "gray", [ "h115.2", "v411.9", "h-326.4" ] ],
    [ "gas1:GND", "esp:GND.2", "black", [ "h124.8", "v172", "h-240" ] ],
    [ "gas1:AOUT", "esp:34", "gold", [ "h38.4", "v105.6", "h-278.4", "v172.8", "h-9.6" ] ]
  ],
  "dependencies": {}
}